<?xml version="1.0" encoding="UTF-8"?>

<电子文件封装包>
 <封装包格式描述>本EEP根据中华人民共和国档案行业标准DA/T 48-2009《基于XML的电子文件封装规范》生成</封装包格式描述>
 <版本>2009</版本>
 <被签名对象 eep版本="2009">
  <封装包类型>原始型</封装包类型>
  <封装包类型描述>本封装包包含电子文件数据及其元数据，原始封装，未经修改</封装包类型描述>
  <封装包创建时间>2026-01-14T11:03:05</封装包创建时间>
  <封装包创建单位>规章制度系统</封装包创建单位>
  <封装内容>
   <文件实体块>
    <文件实体>
     <聚合层次>文件</聚合层次>
     <来源>
      <立档单位名称>北京市轨道交通运营管理有限公司</立档单位名称>
     </来源>
     <电子文件号>155456294037303299</电子文件号>
     <档号>
      <全宗号>A040</全宗号>
      <年度>2024</年度>
      <保管期限>永久</保管期限>
      <机构或问题>42dcf830ab174ddeb3f3aab8e423d17b</机构或问题>
     </档号>
     <内容描述>
      <题名>大兴机场线接触网巡视作业指导书</题名>
      <文件编号>BJMOA-4-JC-SS·GJ-058</文件编号>
      <责任者>供电机电部</责任者>
      <日期>2024-12-26</日期>
      <密级>非涉密</密级>
      <归档份数>0</归档份数>
      <备注/>
      <目录是否开放>是</目录是否开放>
      <允许电子借阅>是</允许电子借阅>
      <载体类型>电子</载体类型>
      <互见号/>
      <ext1>BZ</ext1>
      <ext2>4</ext2>
      <ext3>规章制度系统</ext3>
      <ext4>2026-01-14T11:03:24</ext4>
      <ext5>A/4</ext5>
     </内容描述>
     <形式特征>
      <文件组合类型>组合文件</文件组合类型>
      <页数>1</页数>
     </形式特征>
     <存储位置>
      <脱机载体编号></脱机载体编号>
     </存储位置>
     <权限管理>
      <控制标识>公司内部公开</控制标识>
     </权限管理>
     <信息系统描述/>
     <附录/>
     <文件数据>
      <文档>
       <文档标识符>修改0-文档1</文档标识符>
       <文档序号>1</文档序号>
       <文档类型>1</文档类型>
       <题名>大兴机场线接触网巡视作业指导书</题名>
       <文档数据 文档数据ID="676c1c1307917219e530f04c">
        <编码 编码ID="676c1c1307917219e530f04c">
         <电子属性>
          <格式信息/>
          <计算机文件名>676c1c1307917219e530f04c.pdf</计算机文件名>
          <计算机文件大小>1260322</计算机文件大小>
          <电子属性/>
         </电子属性>
         <数字化属性>
          <数字化对象形态/>
          <扫描分辨率/>
          <扫描色彩模式/>
          <图像压缩方案/>
         </数字化属性>
         <编码描述>仅提供SHA256摘要信息,文档数据在外部保存</编码描述>
         <反编码关键字>sha256-base64Binary</反编码关键字>
         <编码数据>YBS7xZePdoMaNIA73L2jclUUiX64yxAk24Ig8azei00=</编码数据>
        </编码>
       </文档数据>
      </文档>
      <文档>
       <文档标识符>修改0-文档2</文档标识符>
       <文档序号>2</文档序号>
       <文档类型>2</文档类型>
       <题名>大兴机场线接触网巡视记录表（添乘巡视）</题名>
       <文档数据 文档数据ID="019bba74c1451dd9d5e8e5c9">
        <编码 编码ID="019bba74c1451dd9d5e8e5c9">
         <电子属性>
          <格式信息/>
          <计算机文件名>019bba74c1451dd9d5e8e5c9.docx</计算机文件名>
          <计算机文件大小>40801</计算机文件大小>
          <电子属性/>
         </电子属性>
         <数字化属性>
          <数字化对象形态/>
          <扫描分辨率/>
          <扫描色彩模式/>
          <图像压缩方案/>
         </数字化属性>
         <编码描述>仅提供SHA256摘要信息,文档数据在外部保存</编码描述>
         <反编码关键字>sha256-base64Binary</反编码关键字>
         <编码数据>fowvnslNsaaqXmI0Hjl3x1YzhT+mqXR0IO0F32Hi/JQ=</编码数据>
        </编码>
       </文档数据>
      </文档>
      <文档>
       <文档标识符>修改0-文档3</文档标识符>
       <文档序号>3</文档序号>
       <文档类型>2</文档类型>
       <题名>大兴机场线接触网巡视记录表（综合巡视）</题名>
       <文档数据 文档数据ID="019bba74c6c79e1c5fac8a66">
        <编码 编码ID="019bba74c6c79e1c5fac8a66">
         <电子属性>
          <格式信息/>
          <计算机文件名>019bba74c6c79e1c5fac8a66.docx</计算机文件名>
          <计算机文件大小>42068</计算机文件大小>
          <电子属性/>
         </电子属性>
         <数字化属性>
          <数字化对象形态/>
          <扫描分辨率/>
          <扫描色彩模式/>
          <图像压缩方案/>
         </数字化属性>
         <编码描述>仅提供SHA256摘要信息,文档数据在外部保存</编码描述>
         <反编码关键字>sha256-base64Binary</反编码关键字>
         <编码数据>hfGCHWT6q0yflvLDiF4+iBmnBs9I17toOKkV1MB/x3M=</编码数据>
        </编码>
       </文档数据>
      </文档>
     </文件数据>
    </文件实体>
   </文件实体块>
   <业务实体块/>
   <机构人员实体块/>
  </封装内容>
 </被签名对象>
</电子文件封装包>
